[
    {
        "height": 1,
        "reward": "0",
        "activeDelegates": 51,
        "blocktime": 8,
        "block": {
            "version": 0,
            "idFullSha256": true,
            "maxTransactions": 150,
            "maxPayload": 2097152
        },
        "epoch": "2023-05-07T02:47:25.000Z",
        "fees": {
            "staticFees": {
                "transfer": 100000,
                "secondSignature": 5000000,
                "delegateRegistration": 25000000,
                "vote": 1000000,
                "multiSignature": 5000000,
                "ipfs": 5000000,
                "multiPayment": 10000000,
                "delegateResignation": 250000000,
                "htlcLock": 10000000,
                "htlcClaim": 0,
                "htlcRefund": 0
            }
        },
        "vendorFieldLength": 255,
        "multiPaymentLimit": 256,
        "aip11": true
    },
    {
        "height": 75600,
        "reward": 2000000
    }
]
